table_name,constraint_name,constraint_type,column_name,foreign_table_name,foreign_column_name
app_config,2200_18462_1_not_null,CHECK,null,null,null
app_config,2200_18462_2_not_null,CHECK,null,null,null
app_config,2200_18462_3_not_null,CHECK,null,null,null
app_config,app_config_pkey,PRIMARY KEY,key,app_config,key
external_opportunities,2200_17943_10_not_null,CHECK,null,null,null
external_opportunities,2200_17943_12_not_null,CHECK,null,null,null
external_opportunities,2200_17943_1_not_null,CHECK,null,null,null
external_opportunities,2200_17943_2_not_null,CHECK,null,null,null
external_opportunities,2200_17943_3_not_null,CHECK,null,null,null
external_opportunities,2200_17943_4_not_null,CHECK,null,null,null
external_opportunities,2200_17943_6_not_null,CHECK,null,null,null
external_opportunities,2200_17943_7_not_null,CHECK,null,null,null
external_opportunities,2200_17943_9_not_null,CHECK,null,null,null
external_opportunities,external_opportunities_kind_check,CHECK,null,external_opportunities,kind
external_opportunities,external_opportunities_source_id_fkey,FOREIGN KEY,source_id,opportunity_sources,id
external_opportunities,external_opportunities_pkey,PRIMARY KEY,id,external_opportunities,id
external_opportunities,external_opportunities_source_id_external_id_key,UNIQUE,source_id,external_opportunities,source_id
external_opportunities,external_opportunities_source_id_external_id_key,UNIQUE,external_id,external_opportunities,external_id
external_opportunities,external_opportunities_source_id_external_id_key,UNIQUE,external_id,external_opportunities,source_id
external_opportunities,external_opportunities_source_id_external_id_key,UNIQUE,source_id,external_opportunities,external_id
fairpath_subscriptions,2200_18415_1_not_null,CHECK,null,null,null
fairpath_subscriptions,2200_18415_2_not_null,CHECK,null,null,null
fairpath_subscriptions,2200_18415_3_not_null,CHECK,null,null,null
fairpath_subscriptions,2200_18415_5_not_null,CHECK,null,null,null
fairpath_subscriptions,2200_18415_6_not_null,CHECK,null,null,null
fairpath_subscriptions,fairpath_subscriptions_plan_check,CHECK,null,fairpath_subscriptions,plan
fairpath_subscriptions,fairpath_subscriptions_status_check,CHECK,null,fairpath_subscriptions,status
fairpath_subscriptions,fairpath_subscriptions_user_id_fkey,FOREIGN KEY,user_id,null,null
fairpath_subscriptions,fairpath_subscriptions_pkey,PRIMARY KEY,user_id,fairpath_subscriptions,user_id
housing_application_documents,2200_18365_11_not_null,CHECK,null,null,null
housing_application_documents,2200_18365_12_not_null,CHECK,null,null,null
housing_application_documents,2200_18365_1_not_null,CHECK,null,null,null
housing_application_documents,2200_18365_2_not_null,CHECK,null,null,null
housing_application_documents,2200_18365_3_not_null,CHECK,null,null,null
housing_application_documents,2200_18365_4_not_null,CHECK,null,null,null
housing_application_documents,2200_18365_5_not_null,CHECK,null,null,null
housing_application_documents,2200_18365_6_not_null,CHECK,null,null,null
housing_application_documents,2200_18365_9_not_null,CHECK,null,null,null
housing_application_documents,housing_application_documents_document_type_check,CHECK,null,housing_application_documents,document_type
housing_application_documents,housing_application_documents_status_check,CHECK,null,housing_application_documents,status
housing_application_documents,housing_application_documents_application_id_fkey,FOREIGN KEY,application_id,housing_applications,id
housing_application_documents,housing_application_documents_user_id_fkey,FOREIGN KEY,user_id,null,null
housing_application_documents,housing_application_documents_pkey,PRIMARY KEY,id,housing_application_documents,id
housing_application_documents,housing_application_documents_storage_path_key,UNIQUE,storage_path,housing_application_documents,storage_path
housing_application_events,2200_18332_1_not_null,CHECK,null,null,null
housing_application_events,2200_18332_2_not_null,CHECK,null,null,null
housing_application_events,2200_18332_4_not_null,CHECK,null,null,null
housing_application_events,2200_18332_5_not_null,CHECK,null,null,null
housing_application_events,2200_18332_6_not_null,CHECK,null,null,null
housing_application_events,housing_application_events_actor_user_id_fkey,FOREIGN KEY,actor_user_id,null,null
housing_application_events,housing_application_events_application_id_fkey,FOREIGN KEY,application_id,housing_applications,id
housing_application_events,housing_application_events_pkey,PRIMARY KEY,id,housing_application_events,id
housing_applications,2200_17780_10_not_null,CHECK,null,null,null
housing_applications,2200_17780_11_not_null,CHECK,null,null,null
housing_applications,2200_17780_1_not_null,CHECK,null,null,null
housing_applications,2200_17780_2_not_null,CHECK,null,null,null
housing_applications,2200_17780_3_not_null,CHECK,null,null,null
housing_applications,2200_17780_4_not_null,CHECK,null,null,null
housing_applications,2200_17780_5_not_null,CHECK,null,null,null
housing_applications,2200_17780_6_not_null,CHECK,null,null,null
housing_applications,2200_17780_8_not_null,CHECK,null,null,null
housing_applications,2200_17780_9_not_null,CHECK,null,null,null
housing_applications,housing_applications_application_type_check,CHECK,null,housing_applications,application_type
housing_applications,housing_applications_status_check,CHECK,null,housing_applications,status
housing_applications,housing_applications_listing_id_fkey,FOREIGN KEY,listing_id,housing_listings,id
housing_applications,housing_applications_user_id_fkey,FOREIGN KEY,user_id,null,null
housing_applications,housing_applications_pkey,PRIMARY KEY,id,housing_applications,id
housing_applications,housing_applications_user_id_listing_id_key,UNIQUE,listing_id,housing_applications,listing_id
housing_applications,housing_applications_user_id_listing_id_key,UNIQUE,listing_id,housing_applications,user_id
housing_applications,housing_applications_user_id_listing_id_key,UNIQUE,user_id,housing_applications,listing_id
housing_applications,housing_applications_user_id_listing_id_key,UNIQUE,user_id,housing_applications,user_id
housing_fasttrack_orders,2200_18432_11_not_null,CHECK,null,null,null
housing_fasttrack_orders,2200_18432_12_not_null,CHECK,null,null,null
housing_fasttrack_orders,2200_18432_1_not_null,CHECK,null,null,null
housing_fasttrack_orders,2200_18432_2_not_null,CHECK,null,null,null
housing_fasttrack_orders,2200_18432_3_not_null,CHECK,null,null,null
housing_fasttrack_orders,2200_18432_4_not_null,CHECK,null,null,null
housing_fasttrack_orders,2200_18432_5_not_null,CHECK,null,null,null
housing_fasttrack_orders,2200_18432_6_not_null,CHECK,null,null,null
housing_fasttrack_orders,2200_18432_7_not_null,CHECK,null,null,null
housing_fasttrack_orders,2200_18432_8_not_null,CHECK,null,null,null
housing_fasttrack_orders,housing_fasttrack_orders_status_check,CHECK,null,housing_fasttrack_orders,status
housing_fasttrack_orders,housing_fasttrack_orders_application_id_fkey,FOREIGN KEY,application_id,housing_applications,id
housing_fasttrack_orders,housing_fasttrack_orders_user_id_fkey,FOREIGN KEY,user_id,null,null
housing_fasttrack_orders,housing_fasttrack_orders_pkey,PRIMARY KEY,id,housing_fasttrack_orders,id
housing_fasttrack_orders,housing_fasttrack_orders_application_id_key,UNIQUE,application_id,housing_fasttrack_orders,application_id
housing_inquiries,2200_18281_1_not_null,CHECK,null,null,null
housing_inquiries,2200_18281_2_not_null,CHECK,null,null,null
housing_inquiries,2200_18281_3_not_null,CHECK,null,null,null
housing_inquiries,2200_18281_4_not_null,CHECK,null,null,null
housing_inquiries,2200_18281_5_not_null,CHECK,null,null,null
housing_inquiries,2200_18281_6_not_null,CHECK,null,null,null
housing_inquiries,2200_18281_7_not_null,CHECK,null,null,null
housing_inquiries,2200_18281_8_not_null,CHECK,null,null,null
housing_inquiries,housing_inquiries_status_check,CHECK,null,housing_inquiries,status
housing_inquiries,housing_inquiries_listing_id_fkey,FOREIGN KEY,listing_id,housing_listings,id
housing_inquiries,housing_inquiries_user_id_fkey,FOREIGN KEY,user_id,null,null
housing_inquiries,housing_inquiries_pkey,PRIMARY KEY,id,housing_inquiries,id
housing_listings,2200_17727_16_not_null,CHECK,null,null,null
housing_listings,2200_17727_1_not_null,CHECK,null,null,null
housing_listings,2200_17727_27_not_null,CHECK,null,null,null
housing_listings,2200_17727_2_not_null,CHECK,null,null,null
housing_listings,2200_17727_32_not_null,CHECK,null,null,null
housing_listings,2200_17727_33_not_null,CHECK,null,null,null
housing_listings,2200_17727_34_not_null,CHECK,null,null,null
housing_listings,2200_17727_35_not_null,CHECK,null,null,null
housing_listings,2200_17727_36_not_null,CHECK,null,null,null
housing_listings,2200_17727_39_not_null,CHECK,null,null,null
housing_listings,2200_17727_3_not_null,CHECK,null,null,null
housing_listings,2200_17727_42_not_null,CHECK,null,null,null
housing_listings,2200_17727_43_not_null,CHECK,null,null,null
housing_listings,2200_17727_44_not_null,CHECK,null,null,null
housing_listings,2200_17727_45_not_null,CHECK,null,null,null
housing_listings,2200_17727_46_not_null,CHECK,null,null,null
housing_listings,2200_17727_48_not_null,CHECK,null,null,null
housing_listings,2200_17727_49_not_null,CHECK,null,null,null
housing_listings,2200_17727_4_not_null,CHECK,null,null,null
housing_listings,2200_17727_50_not_null,CHECK,null,null,null
housing_listings,2200_17727_58_not_null,CHECK,null,null,null
housing_listings,2200_17727_5_not_null,CHECK,null,null,null
housing_listings,2200_17727_8_not_null,CHECK,null,null,null
housing_listings,2200_17727_9_not_null,CHECK,null,null,null
housing_listings,housing_bike_score_range,CHECK,null,housing_listings,bike_score
housing_listings,housing_garage_spaces_nonnegative,CHECK,null,housing_listings,garage_spaces
housing_listings,housing_listings_status_check,CHECK,null,housing_listings,status
housing_listings,housing_required_application_documents_allowed,CHECK,null,housing_listings,required_application_documents
housing_listings,housing_transit_score_range,CHECK,null,housing_listings,transit_score
housing_listings,housing_walk_score_range,CHECK,null,housing_listings,walk_score
housing_listings,housing_listings_external_opportunity_id_fkey,FOREIGN KEY,external_opportunity_id,external_opportunities,id
housing_listings,housing_listings_owner_id_fkey,FOREIGN KEY,owner_id,null,null
housing_listings,housing_listings_source_id_fkey,FOREIGN KEY,source_id,opportunity_sources,id
housing_listings,housing_listings_pkey,PRIMARY KEY,id,housing_listings,id
housing_media,2200_17749_1_not_null,CHECK,null,null,null
housing_media,2200_17749_2_not_null,CHECK,null,null,null
housing_media,2200_17749_3_not_null,CHECK,null,null,null
housing_media,2200_17749_4_not_null,CHECK,null,null,null
housing_media,2200_17749_5_not_null,CHECK,null,null,null
housing_media,housing_media_media_type_check,CHECK,null,housing_media,media_type
housing_media,housing_media_listing_id_fkey,FOREIGN KEY,listing_id,housing_listings,id
housing_media,housing_media_pkey,PRIMARY KEY,id,housing_media,id
housing_nearby_places,2200_18233_1_not_null,CHECK,null,null,null
housing_nearby_places,2200_18233_2_not_null,CHECK,null,null,null
housing_nearby_places,2200_18233_3_not_null,CHECK,null,null,null
housing_nearby_places,2200_18233_4_not_null,CHECK,null,null,null
housing_nearby_places,2200_18233_5_not_null,CHECK,null,null,null
housing_nearby_places,2200_18233_6_not_null,CHECK,null,null,null
housing_nearby_places,2200_18233_8_not_null,CHECK,null,null,null
housing_nearby_places,2200_18233_9_not_null,CHECK,null,null,null
housing_nearby_places,housing_nearby_places_category_check,CHECK,null,housing_nearby_places,category
housing_nearby_places,housing_nearby_places_listing_id_fkey,FOREIGN KEY,listing_id,housing_listings,id
housing_nearby_places,housing_nearby_places_pkey,PRIMARY KEY,id,housing_nearby_places,id
housing_nearby_places,housing_nearby_places_listing_id_provider_provider_place_id_key,UNIQUE,provider,housing_nearby_places,provider
housing_nearby_places,housing_nearby_places_listing_id_provider_provider_place_id_key,UNIQUE,listing_id,housing_nearby_places,listing_id
housing_nearby_places,housing_nearby_places_listing_id_provider_provider_place_id_key,UNIQUE,listing_id,housing_nearby_places,provider
housing_nearby_places,housing_nearby_places_listing_id_provider_provider_place_id_key,UNIQUE,listing_id,housing_nearby_places,provider_place_id
housing_nearby_places,housing_nearby_places_listing_id_provider_provider_place_id_key,UNIQUE,provider,housing_nearby_places,listing_id
housing_nearby_places,housing_nearby_places_listing_id_provider_provider_place_id_key,UNIQUE,provider,housing_nearby_places,provider_place_id
housing_nearby_places,housing_nearby_places_listing_id_provider_provider_place_id_key,UNIQUE,provider_place_id,housing_nearby_places,listing_id
housing_nearby_places,housing_nearby_places_listing_id_provider_provider_place_id_key,UNIQUE,provider_place_id,housing_nearby_places,provider
housing_nearby_places,housing_nearby_places_listing_id_provider_provider_place_id_key,UNIQUE,provider_place_id,housing_nearby_places,provider_place_id
housing_reports,2200_18308_1_not_null,CHECK,null,null,null
housing_reports,2200_18308_3_not_null,CHECK,null,null,null
housing_reports,2200_18308_4_not_null,CHECK,null,null,null
housing_reports,2200_18308_6_not_null,CHECK,null,null,null
housing_reports,2200_18308_7_not_null,CHECK,null,null,null
housing_reports,housing_reports_reason_check,CHECK,null,housing_reports,reason
housing_reports,housing_reports_status_check,CHECK,null,housing_reports,status
housing_reports,housing_reports_listing_id_fkey,FOREIGN KEY,listing_id,housing_listings,id
housing_reports,housing_reports_user_id_fkey,FOREIGN KEY,user_id,null,null
housing_reports,housing_reports_pkey,PRIMARY KEY,id,housing_reports,id
housing_schools,2200_18214_11_not_null,CHECK,null,null,null
housing_schools,2200_18214_12_not_null,CHECK,null,null,null
housing_schools,2200_18214_1_not_null,CHECK,null,null,null
housing_schools,2200_18214_2_not_null,CHECK,null,null,null
housing_schools,2200_18214_3_not_null,CHECK,null,null,null
housing_schools,2200_18214_4_not_null,CHECK,null,null,null
housing_schools,2200_18214_5_not_null,CHECK,null,null,null
housing_schools,housing_schools_listing_id_fkey,FOREIGN KEY,listing_id,housing_listings,id
housing_schools,housing_schools_pkey,PRIMARY KEY,id,housing_schools,id
housing_schools,housing_schools_listing_id_provider_provider_school_id_key,UNIQUE,listing_id,housing_schools,provider_school_id
housing_schools,housing_schools_listing_id_provider_provider_school_id_key,UNIQUE,listing_id,housing_schools,provider
housing_schools,housing_schools_listing_id_provider_provider_school_id_key,UNIQUE,listing_id,housing_schools,listing_id
housing_schools,housing_schools_listing_id_provider_provider_school_id_key,UNIQUE,provider_school_id,housing_schools,listing_id
housing_schools,housing_schools_listing_id_provider_provider_school_id_key,UNIQUE,provider_school_id,housing_schools,provider
housing_schools,housing_schools_listing_id_provider_provider_school_id_key,UNIQUE,provider_school_id,housing_schools,provider_school_id
housing_schools,housing_schools_listing_id_provider_provider_school_id_key,UNIQUE,provider,housing_schools,provider_school_id
housing_schools,housing_schools_listing_id_provider_provider_school_id_key,UNIQUE,provider,housing_schools,provider
housing_schools,housing_schools_listing_id_provider_provider_school_id_key,UNIQUE,provider,housing_schools,listing_id
housing_tour_requests,2200_18253_1_not_null,CHECK,null,null,null
housing_tour_requests,2200_18253_2_not_null,CHECK,null,null,null
housing_tour_requests,2200_18253_3_not_null,CHECK,null,null,null
housing_tour_requests,2200_18253_4_not_null,CHECK,null,null,null
housing_tour_requests,2200_18253_5_not_null,CHECK,null,null,null
housing_tour_requests,2200_18253_7_not_null,CHECK,null,null,null
housing_tour_requests,2200_18253_8_not_null,CHECK,null,null,null
housing_tour_requests,2200_18253_9_not_null,CHECK,null,null,null
housing_tour_requests,housing_tour_requests_preferred_window_check,CHECK,null,housing_tour_requests,preferred_window
housing_tour_requests,housing_tour_requests_status_check,CHECK,null,housing_tour_requests,status
housing_tour_requests,housing_tour_requests_listing_id_fkey,FOREIGN KEY,listing_id,housing_listings,id
housing_tour_requests,housing_tour_requests_user_id_fkey,FOREIGN KEY,user_id,null,null
housing_tour_requests,housing_tour_requests_pkey,PRIMARY KEY,id,housing_tour_requests,id
job_applications,2200_17703_1_not_null,CHECK,null,null,null
job_applications,2200_17703_2_not_null,CHECK,null,null,null
job_applications,2200_17703_3_not_null,CHECK,null,null,null
job_applications,2200_17703_4_not_null,CHECK,null,null,null
job_applications,2200_17703_5_not_null,CHECK,null,null,null
job_applications,2200_17703_7_not_null,CHECK,null,null,null
job_applications,job_applications_status_check,CHECK,null,job_applications,status
job_applications,job_applications_job_id_fkey,FOREIGN KEY,job_id,jobs,id
job_applications,job_applications_user_id_fkey,FOREIGN KEY,user_id,null,null
job_applications,job_applications_pkey,PRIMARY KEY,id,job_applications,id
job_applications,job_applications_user_id_job_id_key,UNIQUE,job_id,job_applications,job_id
job_applications,job_applications_user_id_job_id_key,UNIQUE,user_id,job_applications,job_id
job_applications,job_applications_user_id_job_id_key,UNIQUE,user_id,job_applications,user_id
job_applications,job_applications_user_id_job_id_key,UNIQUE,job_id,job_applications,user_id
jobs,2200_17659_12_not_null,CHECK,null,null,null
jobs,2200_17659_1_not_null,CHECK,null,null,null
jobs,2200_17659_20_not_null,CHECK,null,null,null
jobs,2200_17659_21_not_null,CHECK,null,null,null
jobs,2200_17659_23_not_null,CHECK,null,null,null
jobs,2200_17659_24_not_null,CHECK,null,null,null
jobs,2200_17659_25_not_null,CHECK,null,null,null
jobs,2200_17659_26_not_null,CHECK,null,null,null
jobs,2200_17659_29_not_null,CHECK,null,null,null
jobs,2200_17659_2_not_null,CHECK,null,null,null
jobs,2200_17659_37_not_null,CHECK,null,null,null
jobs,2200_17659_38_not_null,CHECK,null,null,null
jobs,2200_17659_3_not_null,CHECK,null,null,null
jobs,2200_17659_4_not_null,CHECK,null,null,null
jobs,2200_17659_5_not_null,CHECK,null,null,null
jobs,2200_17659_7_not_null,CHECK,null,null,null
jobs,2200_17659_8_not_null,CHECK,null,null,null
jobs,jobs_application_method_check,CHECK,null,jobs,application_method
jobs,jobs_employment_type_check,CHECK,null,jobs,employment_type
jobs,jobs_pay_period_check,CHECK,null,jobs,pay_period
jobs,jobs_status_check,CHECK,null,jobs,status
jobs,jobs_workplace_type_check,CHECK,null,jobs,workplace_type
jobs,jobs_employer_id_fkey,FOREIGN KEY,employer_id,null,null
jobs,jobs_external_opportunity_id_fkey,FOREIGN KEY,external_opportunity_id,external_opportunities,id
jobs,jobs_source_id_fkey,FOREIGN KEY,source_id,opportunity_sources,id
jobs,jobs_pkey,PRIMARY KEY,id,jobs,id
marketplace_claim_events,2200_18547_1_not_null,CHECK,null,null,null
marketplace_claim_events,2200_18547_2_not_null,CHECK,null,null,null
marketplace_claim_events,2200_18547_4_not_null,CHECK,null,null,null
marketplace_claim_events,2200_18547_5_not_null,CHECK,null,null,null
marketplace_claim_events,2200_18547_6_not_null,CHECK,null,null,null
marketplace_claim_events,marketplace_claim_events_actor_user_id_fkey,FOREIGN KEY,actor_user_id,null,null
marketplace_claim_events,marketplace_claim_events_claim_id_fkey,FOREIGN KEY,claim_id,marketplace_claims,id
marketplace_claim_events,marketplace_claim_events_pkey,PRIMARY KEY,id,marketplace_claim_events,id
marketplace_claims,2200_17858_10_not_null,CHECK,null,null,null
marketplace_claims,2200_17858_1_not_null,CHECK,null,null,null
marketplace_claims,2200_17858_2_not_null,CHECK,null,null,null
marketplace_claims,2200_17858_3_not_null,CHECK,null,null,null
marketplace_claims,2200_17858_4_not_null,CHECK,null,null,null
marketplace_claims,2200_17858_7_not_null,CHECK,null,null,null
marketplace_claims,2200_17858_8_not_null,CHECK,null,null,null
marketplace_claims,marketplace_claims_status_check,CHECK,null,marketplace_claims,status
marketplace_claims,marketplace_claims_claimant_id_fkey,FOREIGN KEY,claimant_id,null,null
marketplace_claims,marketplace_claims_item_id_fkey,FOREIGN KEY,item_id,marketplace_items,id
marketplace_claims,marketplace_claims_pkey,PRIMARY KEY,id,marketplace_claims,id
marketplace_items,2200_17806_10_not_null,CHECK,null,null,null
marketplace_items,2200_17806_12_not_null,CHECK,null,null,null
marketplace_items,2200_17806_13_not_null,CHECK,null,null,null
marketplace_items,2200_17806_14_not_null,CHECK,null,null,null
marketplace_items,2200_17806_15_not_null,CHECK,null,null,null
marketplace_items,2200_17806_19_not_null,CHECK,null,null,null
marketplace_items,2200_17806_1_not_null,CHECK,null,null,null
marketplace_items,2200_17806_20_not_null,CHECK,null,null,null
marketplace_items,2200_17806_21_not_null,CHECK,null,null,null
marketplace_items,2200_17806_23_not_null,CHECK,null,null,null
marketplace_items,2200_17806_2_not_null,CHECK,null,null,null
marketplace_items,2200_17806_3_not_null,CHECK,null,null,null
marketplace_items,2200_17806_4_not_null,CHECK,null,null,null
marketplace_items,2200_17806_5_not_null,CHECK,null,null,null
marketplace_items,2200_17806_7_not_null,CHECK,null,null,null
marketplace_items,2200_17806_8_not_null,CHECK,null,null,null
marketplace_items,2200_17806_9_not_null,CHECK,null,null,null
marketplace_items,marketplace_items_free_only_check,CHECK,null,marketplace_items,price
marketplace_items,marketplace_items_free_only_check,CHECK,null,marketplace_items,is_free
marketplace_items,marketplace_items_moderation_status_check,CHECK,null,marketplace_items,moderation_status
marketplace_items,marketplace_items_quantity_check,CHECK,null,marketplace_items,quantity
marketplace_items,marketplace_items_seller_type_check,CHECK,null,marketplace_items,seller_type
marketplace_items,marketplace_items_status_check,CHECK,null,marketplace_items,status
marketplace_items,marketplace_items_seller_id_fkey,FOREIGN KEY,seller_id,null,null
marketplace_items,marketplace_items_pkey,PRIMARY KEY,id,marketplace_items,id
marketplace_media,2200_17828_1_not_null,CHECK,null,null,null
marketplace_media,2200_17828_2_not_null,CHECK,null,null,null
marketplace_media,2200_17828_3_not_null,CHECK,null,null,null
marketplace_media,2200_17828_4_not_null,CHECK,null,null,null
marketplace_media,marketplace_media_item_id_fkey,FOREIGN KEY,item_id,marketplace_items,id
marketplace_media,marketplace_media_pkey,PRIMARY KEY,id,marketplace_media,id
marketplace_messages,2200_18594_1_not_null,CHECK,null,null,null
marketplace_messages,2200_18594_2_not_null,CHECK,null,null,null
marketplace_messages,2200_18594_3_not_null,CHECK,null,null,null
marketplace_messages,2200_18594_4_not_null,CHECK,null,null,null
marketplace_messages,2200_18594_5_not_null,CHECK,null,null,null
marketplace_messages,marketplace_messages_body_check,CHECK,null,marketplace_messages,body
marketplace_messages,marketplace_messages_claim_id_fkey,FOREIGN KEY,claim_id,marketplace_claims,id
marketplace_messages,marketplace_messages_sender_id_fkey,FOREIGN KEY,sender_id,null,null
marketplace_messages,marketplace_messages_pkey,PRIMARY KEY,id,marketplace_messages,id
marketplace_pickup_details,2200_18524_11_not_null,CHECK,null,null,null
marketplace_pickup_details,2200_18524_12_not_null,CHECK,null,null,null
marketplace_pickup_details,2200_18524_1_not_null,CHECK,null,null,null
marketplace_pickup_details,2200_18524_2_not_null,CHECK,null,null,null
marketplace_pickup_details,2200_18524_6_not_null,CHECK,null,null,null
marketplace_pickup_details,2200_18524_7_not_null,CHECK,null,null,null
marketplace_pickup_details,marketplace_pickup_details_item_id_fkey,FOREIGN KEY,item_id,marketplace_items,id
marketplace_pickup_details,marketplace_pickup_details_seller_id_fkey,FOREIGN KEY,seller_id,null,null
marketplace_pickup_details,marketplace_pickup_details_pkey,PRIMARY KEY,item_id,marketplace_pickup_details,item_id
marketplace_reports,2200_18569_1_not_null,CHECK,null,null,null
marketplace_reports,2200_18569_2_not_null,CHECK,null,null,null
marketplace_reports,2200_18569_3_not_null,CHECK,null,null,null
marketplace_reports,2200_18569_4_not_null,CHECK,null,null,null
marketplace_reports,2200_18569_6_not_null,CHECK,null,null,null
marketplace_reports,2200_18569_7_not_null,CHECK,null,null,null
marketplace_reports,2200_18569_8_not_null,CHECK,null,null,null
marketplace_reports,marketplace_reports_status_check,CHECK,null,marketplace_reports,status
marketplace_reports,marketplace_reports_item_id_fkey,FOREIGN KEY,item_id,marketplace_items,id
marketplace_reports,marketplace_reports_reporter_id_fkey,FOREIGN KEY,reporter_id,null,null
marketplace_reports,marketplace_reports_pkey,PRIMARY KEY,id,marketplace_reports,id
marketplace_saves,2200_17842_1_not_null,CHECK,null,null,null
marketplace_saves,2200_17842_2_not_null,CHECK,null,null,null
marketplace_saves,2200_17842_3_not_null,CHECK,null,null,null
marketplace_saves,marketplace_saves_item_id_fkey,FOREIGN KEY,item_id,marketplace_items,id
marketplace_saves,marketplace_saves_user_id_fkey,FOREIGN KEY,user_id,null,null
marketplace_saves,marketplace_saves_pkey,PRIMARY KEY,item_id,marketplace_saves,user_id
marketplace_saves,marketplace_saves_pkey,PRIMARY KEY,user_id,marketplace_saves,item_id
marketplace_saves,marketplace_saves_pkey,PRIMARY KEY,item_id,marketplace_saves,item_id
marketplace_saves,marketplace_saves_pkey,PRIMARY KEY,user_id,marketplace_saves,user_id
offense_catalog,2200_18114_13_not_null,CHECK,null,null,null
offense_catalog,2200_18114_16_not_null,CHECK,null,null,null
offense_catalog,2200_18114_17_not_null,CHECK,null,null,null
offense_catalog,2200_18114_18_not_null,CHECK,null,null,null
offense_catalog,2200_18114_1_not_null,CHECK,null,null,null
offense_catalog,2200_18114_20_not_null,CHECK,null,null,null
offense_catalog,2200_18114_21_not_null,CHECK,null,null,null
offense_catalog,2200_18114_2_not_null,CHECK,null,null,null
offense_catalog,2200_18114_4_not_null,CHECK,null,null,null
offense_catalog,2200_18114_5_not_null,CHECK,null,null,null
offense_catalog,2200_18114_6_not_null,CHECK,null,null,null
offense_catalog,offense_catalog_jurisdiction_type_check,CHECK,null,offense_catalog,jurisdiction_type
offense_catalog,offense_catalog_pkey,PRIMARY KEY,id,offense_catalog,id
offense_catalog,offense_catalog_jurisdiction_name_offense_code_effective_st_key,UNIQUE,offense_code,offense_catalog,jurisdiction_name
offense_catalog,offense_catalog_jurisdiction_name_offense_code_effective_st_key,UNIQUE,jurisdiction_name,offense_catalog,effective_start
offense_catalog,offense_catalog_jurisdiction_name_offense_code_effective_st_key,UNIQUE,jurisdiction_name,offense_catalog,jurisdiction_name
offense_catalog,offense_catalog_jurisdiction_name_offense_code_effective_st_key,UNIQUE,offense_code,offense_catalog,offense_code
offense_catalog,offense_catalog_jurisdiction_name_offense_code_effective_st_key,UNIQUE,effective_start,offense_catalog,effective_start
offense_catalog,offense_catalog_jurisdiction_name_offense_code_effective_st_key,UNIQUE,effective_start,offense_catalog,jurisdiction_name
offense_catalog,offense_catalog_jurisdiction_name_offense_code_effective_st_key,UNIQUE,effective_start,offense_catalog,offense_code
offense_catalog,offense_catalog_jurisdiction_name_offense_code_effective_st_key,UNIQUE,jurisdiction_name,offense_catalog,offense_code
offense_catalog,offense_catalog_jurisdiction_name_offense_code_effective_st_key,UNIQUE,offense_code,offense_catalog,effective_start
opportunity_evidence,2200_17964_11_not_null,CHECK,null,null,null
opportunity_evidence,2200_17964_1_not_null,CHECK,null,null,null
opportunity_evidence,2200_17964_5_not_null,CHECK,null,null,null
opportunity_evidence,2200_17964_7_not_null,CHECK,null,null,null
opportunity_evidence,2200_17964_9_not_null,CHECK,null,null,null
opportunity_evidence,opportunity_evidence_check,CHECK,null,opportunity_evidence,external_opportunity_id
opportunity_evidence,opportunity_evidence_check,CHECK,null,opportunity_evidence,local_job_id
opportunity_evidence,opportunity_evidence_check,CHECK,null,opportunity_evidence,local_housing_id
opportunity_evidence,opportunity_evidence_confidence_check,CHECK,null,opportunity_evidence,confidence
opportunity_evidence,opportunity_evidence_evidence_type_check,CHECK,null,opportunity_evidence,evidence_type
opportunity_evidence,opportunity_evidence_external_opportunity_id_fkey,FOREIGN KEY,external_opportunity_id,external_opportunities,id
opportunity_evidence,opportunity_evidence_local_housing_id_fkey,FOREIGN KEY,local_housing_id,housing_listings,id
opportunity_evidence,opportunity_evidence_local_job_id_fkey,FOREIGN KEY,local_job_id,jobs,id
opportunity_evidence,opportunity_evidence_pkey,PRIMARY KEY,id,opportunity_evidence,id
opportunity_ingestion_runs,2200_17992_1_not_null,CHECK,null,null,null
opportunity_ingestion_runs,2200_17992_2_not_null,CHECK,null,null,null
opportunity_ingestion_runs,2200_17992_3_not_null,CHECK,null,null,null
opportunity_ingestion_runs,2200_17992_4_not_null,CHECK,null,null,null
opportunity_ingestion_runs,2200_17992_5_not_null,CHECK,null,null,null
opportunity_ingestion_runs,2200_17992_6_not_null,CHECK,null,null,null
opportunity_ingestion_runs,2200_17992_7_not_null,CHECK,null,null,null
opportunity_ingestion_runs,2200_17992_9_not_null,CHECK,null,null,null
opportunity_ingestion_runs,opportunity_ingestion_runs_status_check,CHECK,null,opportunity_ingestion_runs,status
opportunity_ingestion_runs,opportunity_ingestion_runs_source_id_fkey,FOREIGN KEY,source_id,opportunity_sources,id
opportunity_ingestion_runs,opportunity_ingestion_runs_pkey,PRIMARY KEY,id,opportunity_ingestion_runs,id
opportunity_sources,2200_17924_10_not_null,CHECK,null,null,null
opportunity_sources,2200_17924_12_not_null,CHECK,null,null,null
opportunity_sources,2200_17924_13_not_null,CHECK,null,null,null
opportunity_sources,2200_17924_1_not_null,CHECK,null,null,null
opportunity_sources,2200_17924_2_not_null,CHECK,null,null,null
opportunity_sources,2200_17924_3_not_null,CHECK,null,null,null
opportunity_sources,2200_17924_4_not_null,CHECK,null,null,null
opportunity_sources,2200_17924_5_not_null,CHECK,null,null,null
opportunity_sources,2200_17924_6_not_null,CHECK,null,null,null
opportunity_sources,2200_17924_8_not_null,CHECK,null,null,null
opportunity_sources,2200_17924_9_not_null,CHECK,null,null,null
opportunity_sources,opportunity_sources_ingestion_mode_check,CHECK,null,opportunity_sources,ingestion_mode
opportunity_sources,opportunity_sources_kind_check,CHECK,null,opportunity_sources,kind
opportunity_sources,opportunity_sources_status_check,CHECK,null,opportunity_sources,status
opportunity_sources,opportunity_sources_pkey,PRIMARY KEY,id,opportunity_sources,id
opportunity_sources,opportunity_sources_provider_key_key,UNIQUE,provider_key,opportunity_sources,provider_key
product_events,2200_18482_1_not_null,CHECK,null,null,null
product_events,2200_18482_3_not_null,CHECK,null,null,null
product_events,2200_18482_4_not_null,CHECK,null,null,null
product_events,2200_18482_6_not_null,CHECK,null,null,null
product_events,2200_18482_7_not_null,CHECK,null,null,null
product_events,product_events_user_id_fkey,FOREIGN KEY,user_id,null,null
product_events,product_events_pkey,PRIMARY KEY,id,product_events,id
profile_answers,2200_17637_1_not_null,CHECK,null,null,null
profile_answers,2200_17637_2_not_null,CHECK,null,null,null
profile_answers,2200_17637_3_not_null,CHECK,null,null,null
profile_answers,2200_17637_4_not_null,CHECK,null,null,null
profile_answers,2200_17637_5_not_null,CHECK,null,null,null
profile_answers,2200_17637_6_not_null,CHECK,null,null,null
profile_answers,profile_answers_source_check,CHECK,null,profile_answers,source
profile_answers,profile_answers_verification_state_check,CHECK,null,profile_answers,verification_state
profile_answers,profile_answers_user_id_fkey,FOREIGN KEY,user_id,null,null
profile_answers,profile_answers_pkey,PRIMARY KEY,user_id,profile_answers,question_id
profile_answers,profile_answers_pkey,PRIMARY KEY,user_id,profile_answers,user_id
profile_answers,profile_answers_pkey,PRIMARY KEY,question_id,profile_answers,question_id
profile_answers,profile_answers_pkey,PRIMARY KEY,question_id,profile_answers,user_id
profiles,2200_17589_11_not_null,CHECK,null,null,null
profiles,2200_17589_12_not_null,CHECK,null,null,null
profiles,2200_17589_13_not_null,CHECK,null,null,null
profiles,2200_17589_14_not_null,CHECK,null,null,null
profiles,2200_17589_1_not_null,CHECK,null,null,null
profiles,2200_17589_4_not_null,CHECK,null,null,null
profiles,2200_17589_5_not_null,CHECK,null,null,null
profiles,2200_17589_6_not_null,CHECK,null,null,null
profiles,2200_17589_7_not_null,CHECK,null,null,null
profiles,2200_17589_8_not_null,CHECK,null,null,null
profiles,profiles_account_type_check,CHECK,null,profiles,account_type
profiles,profiles_id_fkey,FOREIGN KEY,id,null,null
profiles,profiles_pkey,PRIMARY KEY,id,profiles,id
saved_housing,2200_17764_1_not_null,CHECK,null,null,null
saved_housing,2200_17764_2_not_null,CHECK,null,null,null
saved_housing,2200_17764_3_not_null,CHECK,null,null,null
saved_housing,saved_housing_listing_id_fkey,FOREIGN KEY,listing_id,housing_listings,id
saved_housing,saved_housing_user_id_fkey,FOREIGN KEY,user_id,null,null
saved_housing,saved_housing_pkey,PRIMARY KEY,user_id,saved_housing,listing_id
saved_housing,saved_housing_pkey,PRIMARY KEY,user_id,saved_housing,user_id
saved_housing,saved_housing_pkey,PRIMARY KEY,listing_id,saved_housing,listing_id
saved_housing,saved_housing_pkey,PRIMARY KEY,listing_id,saved_housing,user_id
saved_housing_searches,2200_18190_1_not_null,CHECK,null,null,null
saved_housing_searches,2200_18190_2_not_null,CHECK,null,null,null
saved_housing_searches,2200_18190_3_not_null,CHECK,null,null,null
saved_housing_searches,2200_18190_4_not_null,CHECK,null,null,null
saved_housing_searches,2200_18190_5_not_null,CHECK,null,null,null
saved_housing_searches,2200_18190_6_not_null,CHECK,null,null,null
saved_housing_searches,2200_18190_7_not_null,CHECK,null,null,null
saved_housing_searches,2200_18190_8_not_null,CHECK,null,null,null
saved_housing_searches,saved_housing_searches_user_id_fkey,FOREIGN KEY,user_id,null,null
saved_housing_searches,saved_housing_searches_pkey,PRIMARY KEY,id,saved_housing_searches,id
saved_jobs,2200_17687_1_not_null,CHECK,null,null,null
saved_jobs,2200_17687_2_not_null,CHECK,null,null,null
saved_jobs,2200_17687_3_not_null,CHECK,null,null,null
saved_jobs,saved_jobs_job_id_fkey,FOREIGN KEY,job_id,jobs,id
saved_jobs,saved_jobs_user_id_fkey,FOREIGN KEY,user_id,null,null
saved_jobs,saved_jobs_pkey,PRIMARY KEY,user_id,saved_jobs,job_id
saved_jobs,saved_jobs_pkey,PRIMARY KEY,job_id,saved_jobs,user_id
saved_jobs,saved_jobs_pkey,PRIMARY KEY,job_id,saved_jobs,job_id
saved_jobs,saved_jobs_pkey,PRIMARY KEY,user_id,saved_jobs,user_id
user_convictions,2200_18135_10_not_null,CHECK,null,null,null
user_convictions,2200_18135_1_not_null,CHECK,null,null,null
user_convictions,2200_18135_20_not_null,CHECK,null,null,null
user_convictions,2200_18135_21_not_null,CHECK,null,null,null
user_convictions,2200_18135_23_not_null,CHECK,null,null,null
user_convictions,2200_18135_25_not_null,CHECK,null,null,null
user_convictions,2200_18135_26_not_null,CHECK,null,null,null
user_convictions,2200_18135_2_not_null,CHECK,null,null,null
user_convictions,2200_18135_4_not_null,CHECK,null,null,null
user_convictions,user_convictions_jurisdiction_type_check,CHECK,null,user_convictions,jurisdiction_type
user_convictions,user_convictions_source_type_check,CHECK,null,user_convictions,source_type
user_convictions,user_convictions_verification_state_check,CHECK,null,user_convictions,verification_state
user_convictions,user_convictions_offense_catalog_id_fkey,FOREIGN KEY,offense_catalog_id,offense_catalog,id
user_convictions,user_convictions_user_id_fkey,FOREIGN KEY,user_id,null,null
user_convictions,user_convictions_pkey,PRIMARY KEY,id,user_convictions,id
user_notifications,2200_18397_1_not_null,CHECK,null,null,null
user_notifications,2200_18397_2_not_null,CHECK,null,null,null
user_notifications,2200_18397_3_not_null,CHECK,null,null,null
user_notifications,2200_18397_4_not_null,CHECK,null,null,null
user_notifications,2200_18397_5_not_null,CHECK,null,null,null
user_notifications,2200_18397_7_not_null,CHECK,null,null,null
user_notifications,2200_18397_9_not_null,CHECK,null,null,null
user_notifications,user_notifications_user_id_fkey,FOREIGN KEY,user_id,null,null
user_notifications,user_notifications_pkey,PRIMARY KEY,id,user_notifications,id